family,config,runs,val_macro_f1,val_sd,test_macro_f1,test_sd,selected
VADER,"standard(-0.05,0.05)",1,0.4934,,0.4398,,False
VADER,"val-tuned(-0.1,0.7)",1,0.6306,,0.5543,,True
TFIDF-LR,"C=0.1,ngram=1-1,cw=none",1,0.2121,,0.2121,,False
TFIDF-LR,"C=0.1,ngram=1-1,cw=bal",1,0.6223,,0.6452,,False
TFIDF-LR,"C=0.1,ngram=1-2,cw=none",1,0.2121,,0.2121,,False
TFIDF-LR,"C=0.1,ngram=1-2,cw=bal",1,0.5897,,0.6996,,False
TFIDF-LR,"C=0.3,ngram=1-1,cw=none",1,0.3796,,0.3758,,False
TFIDF-LR,"C=0.3,ngram=1-1,cw=bal",1,0.5941,,0.6125,,False
TFIDF-LR,"C=0.3,ngram=1-2,cw=none",1,0.263,,0.2137,,False
TFIDF-LR,"C=0.3,ngram=1-2,cw=bal",1,0.5897,,0.6996,,False
TFIDF-LR,"C=1,ngram=1-1,cw=none",1,0.55,,0.5959,,False
TFIDF-LR,"C=1,ngram=1-1,cw=bal",1,0.5796,,0.621,,False
TFIDF-LR,"C=1,ngram=1-2,cw=none",1,0.5346,,0.5182,,False
TFIDF-LR,"C=1,ngram=1-2,cw=bal",1,0.5972,,0.6836,,False
TFIDF-LR,"C=3,ngram=1-1,cw=none",1,0.5552,,0.6733,,False
TFIDF-LR,"C=3,ngram=1-1,cw=bal",1,0.5956,,0.6402,,False
TFIDF-LR,"C=3,ngram=1-2,cw=none",1,0.5846,,0.6297,,False
TFIDF-LR,"C=3,ngram=1-2,cw=bal",1,0.6056,,0.6802,,False
TFIDF-LR,"C=10,ngram=1-1,cw=none",1,0.5791,,0.6696,,False
TFIDF-LR,"C=10,ngram=1-1,cw=bal",1,0.6031,,0.6357,,False
TFIDF-LR,"C=10,ngram=1-2,cw=none",1,0.618,,0.6927,,False
TFIDF-LR,"C=10,ngram=1-2,cw=bal",1,0.6056,,0.6802,,False
TFIDF-LR,"C=30,ngram=1-1,cw=none",1,0.5893,,0.6389,,False
TFIDF-LR,"C=30,ngram=1-1,cw=bal",1,0.6031,,0.6357,,False
TFIDF-LR,"C=30,ngram=1-2,cw=none",1,0.6405,,0.6859,,True
TFIDF-LR,"C=30,ngram=1-2,cw=bal",1,0.6056,,0.6802,,False
TFIDF-SVM,"C=0.1,ngram=1-1,cw=none",1,0.4987,,0.5407,,False
TFIDF-SVM,"C=0.1,ngram=1-1,cw=bal",1,0.5672,,0.7023,,False
TFIDF-SVM,"C=0.1,ngram=1-2,cw=none",1,0.4162,,0.4353,,False
TFIDF-SVM,"C=0.1,ngram=1-2,cw=bal",1,0.5729,,0.611,,False
TFIDF-SVM,"C=0.3,ngram=1-1,cw=none",1,0.5666,,0.5959,,False
TFIDF-SVM,"C=0.3,ngram=1-1,cw=bal",1,0.5809,,0.6656,,False
TFIDF-SVM,"C=0.3,ngram=1-2,cw=none",1,0.5502,,0.5968,,False
TFIDF-SVM,"C=0.3,ngram=1-2,cw=bal",1,0.6363,,0.7065,,False
TFIDF-SVM,"C=1,ngram=1-1,cw=none",1,0.5945,,0.6185,,False
TFIDF-SVM,"C=1,ngram=1-1,cw=bal",1,0.6023,,0.605,,False
TFIDF-SVM,"C=1,ngram=1-2,cw=none",1,0.6405,,0.7048,,True
TFIDF-SVM,"C=1,ngram=1-2,cw=bal",1,0.6329,,0.6899,,False
TFIDF-SVM,"C=3,ngram=1-1,cw=none",1,0.6139,,0.6092,,False
TFIDF-SVM,"C=3,ngram=1-1,cw=bal",1,0.6139,,0.6057,,False
TFIDF-SVM,"C=3,ngram=1-2,cw=none",1,0.6322,,0.652,,False
TFIDF-SVM,"C=3,ngram=1-2,cw=bal",1,0.6162,,0.6811,,False
TFIDF-SVM,"C=10,ngram=1-1,cw=none",1,0.6021,,0.5786,,False
TFIDF-SVM,"C=10,ngram=1-1,cw=bal",1,0.6021,,0.5786,,False
TFIDF-SVM,"C=10,ngram=1-2,cw=none",1,0.6162,,0.6811,,False
TFIDF-SVM,"C=10,ngram=1-2,cw=bal",1,0.6162,,0.6811,,False
TFIDF-SVM,"C=30,ngram=1-1,cw=none",1,0.6021,,0.5786,,False
TFIDF-SVM,"C=30,ngram=1-1,cw=bal",1,0.6021,,0.5786,,False
TFIDF-SVM,"C=30,ngram=1-2,cw=none",1,0.6162,,0.6811,,False
TFIDF-SVM,"C=30,ngram=1-2,cw=bal",1,0.6162,,0.6811,,False
CNN,"emb=random,cw=none",5,0.6047,0.0248,0.5886,0.0245,False
CNN,"emb=random,cw=bal",5,0.614,0.0563,0.5907,0.0391,False
CNN,"emb=glove,cw=none",5,0.6255,0.0242,0.6063,0.021,True
CNN,"emb=glove,cw=bal",5,0.6182,0.0123,0.6234,0.0586,False
BiLSTM,"emb=random,cw=none",5,0.5996,0.0127,0.5912,0.038,False
BiLSTM,"emb=random,cw=bal",5,0.6149,0.0386,0.5909,0.0229,True
BiLSTM,"emb=glove,cw=none",5,0.5913,0.0207,0.5805,0.0365,False
BiLSTM,"emb=glove,cw=bal",5,0.5823,0.0182,0.5788,0.0405,False
DistilBERT,"lr=2e-05,cw=none",5,0.7015,0.0231,0.7288,0.0207,False
DistilBERT,"lr=2e-05,cw=bal",5,0.7439,0.0237,0.7524,0.0214,True
DistilBERT,"lr=5e-05,cw=none",5,0.7315,0.0093,0.7482,0.0226,False
DistilBERT,"lr=5e-05,cw=bal",5,0.7434,0.0283,0.7582,0.0305,False
