model,variant,val_mean,val_sd,test_mean,test_sd,test_f1_Neutral,val_per_seed,test_per_seed
TFIDF-LR,full pipeline,0.6405,0.0,0.6859,0.0,0.5455,,
TFIDF-LR,no negation preservation,0.6061,0.0,0.6461,0.0,0.4762,,
TFIDF-LR,no apostrophe normalisation (v5),0.6481,0.0,0.6859,0.0,0.5455,,
TFIDF-LR,no stopword removal,0.6302,0.0,0.6365,0.0,0.4,,
CNN,selected configuration,0.6255,0.0242,0.6063,0.021,0.4066,"[0.6336, 0.6253, 0.6376, 0.5846, 0.6467]","[0.6015, 0.6082, 0.6409, 0.5948, 0.5862]"
CNN,no negation preservation,0.6312,0.0145,0.6328,0.0575,0.4401,"[0.6382, 0.6114, 0.6379, 0.6212, 0.6472]","[0.555, 0.6407, 0.5962, 0.6791, 0.6931]"
CNN,no apostrophe normalisation (v5),0.6169,0.0197,0.6305,0.031,0.4648,"[0.6062, 0.6519, 0.6117, 0.6057, 0.609]","[0.6301, 0.6194, 0.6224, 0.5988, 0.6819]"
CNN,no stopword removal,0.3841,0.2179,0.3906,0.2277,0.202,"[0.2121, 0.2528, 0.2121, 0.6027, 0.6406]","[0.2121, 0.2513, 0.2121, 0.6613, 0.6162]"
CNN,kernels {3} only,0.6438,0.0208,0.6434,0.043,0.4907,"[0.653, 0.6318, 0.6207, 0.6389, 0.6746]","[0.6174, 0.7159, 0.6494, 0.622, 0.6122]"
CNN,"kernels {2,3,4,5}",0.6018,0.0175,0.6045,0.0397,0.3542,"[0.6008, 0.5907, 0.5988, 0.587, 0.6314]","[0.5999, 0.5748, 0.6117, 0.5681, 0.6679]"
CNN,class weighting on,0.6182,0.0123,0.6234,0.0586,0.4926,"[0.626, 0.614, 0.6241, 0.5985, 0.6285]","[0.5916, 0.5484, 0.6979, 0.6171, 0.662]"
CNN,embeddings random,0.6047,0.0248,0.5886,0.0245,0.4422,"[0.567, 0.6031, 0.6275, 0.5992, 0.6269]","[0.5468, 0.5887, 0.5983, 0.5994, 0.6095]"
