Entity,Category,1-star sample / TripAdvisor,2-star sample / TripAdvisor,3-star sample / TripAdvisor,4-star sample / TripAdvisor,5-star sample / TripAdvisor,Sample total
Alsancak,Beach/Coastal,1 / 8,1 / 7,8 / 59,4 / 286,6 / 591,20
Ilica Plaji,Beach/Coastal,18 / 63,10 / 59,28 / 190,15 / 386,18 / 791,89
Izmir Marriott Hotel,Family,11 / 25,6 / 12,9 / 13,11 / 58,9 / 1647,46
Key Hotel,Family,4 / 7,3 / 7,5 / 13,11 / 51,16 / 531,39
Deniz Restaurant,Food/Gastronomy,22 / 58,15 / 50,28 / 113,4 / 264,4 / 446,73
Reyhan Pastanesi,Food/Gastronomy,7 / 43,1 / 37,13 / 113,4 / 366,5 / 1064,30
Tavaci Recep Usta,Food/Gastronomy,18 / 104,12 / 96,21 / 187,23 / 427,26 / 781,100
Ephesus,History/Culture,0 / 0,0 / 0,3 / 7,19 / 39,22 / 1019,44
Izmir Saat Kulesi (Clock Tower),History/Culture,1 / 8,10 / 34,15 / 220,8 / 496,16 / 879,50
Izmir Wildlife Park,Nature,3 / 20,2 / 12,8 / 66,6 / 303,21 / 690,40
Bios Bar,Nightlife,1 / 6,1 / 3,0 / 1,0 / 5,1 / 9,3
Bostanli Meyhanesi,Nightlife,2 / 9,0 / 2,0 / 2,0 / 3,2 / 23,4
Punt Ancient Pub,Nightlife,0 / 1,0 / 0,1 / 3,0 / 0,15 / 71,16
Scappi,Nightlife,12 / 15,10 / 11,7 / 9,7 / 14,8 / 276,44
