family,config,seed,val_macro_f1,val_acc,test_macro_f1,test_acc,test_weighted_f1,test_macro_p,test_macro_r,test_f1_Negative,test_f1_Neutral,test_f1_Positive,test_recall_Negative,test_recall_Neutral,test_recall_Positive,best_epoch,epochs_run
VADER,"standard(-0.05,0.05)",-,0.49338700402530195,0.6555555555555556,0.4398148148148148,0.6111111111111112,0.5254629629629629,0.41847041847041844,0.49382716049382713,0.5416666666666666,0.0,0.7777777777777778,0.48148148148148145,0.0,1.0,,
VADER,"val-tuned(-0.1,0.7)",-,0.630608435983576,0.6888888888888889,0.5543318036434433,0.6,0.606088165762759,0.5712460522538042,0.5493827160493826,0.5531914893617021,0.3333333333333333,0.7764705882352941,0.48148148148148145,0.38095238095238093,0.7857142857142857,,
TFIDF-LR,"C=0.1,ngram=1-1,cw=none",-,0.21212121212121213,0.4666666666666667,0.21212121212121213,0.4666666666666667,0.29696969696969694,0.15555555555555556,0.3333333333333333,0.0,0.0,0.6363636363636364,0.0,0.0,1.0,,
TFIDF-LR,"C=0.1,ngram=1-1,cw=bal",-,0.6223107851993553,0.6777777777777778,0.645227788084931,0.6666666666666666,0.6779220779220779,0.6507936507936507,0.6507936507936508,0.6666666666666666,0.4897959183673469,0.7792207792207793,0.6666666666666666,0.5714285714285714,0.7142857142857143,,
TFIDF-LR,"C=0.1,ngram=1-2,cw=none",-,0.21212121212121213,0.4666666666666667,0.21212121212121213,0.4666666666666667,0.29696969696969694,0.15555555555555556,0.3333333333333333,0.0,0.0,0.6363636363636364,0.0,0.0,1.0,,
TFIDF-LR,"C=0.1,ngram=1-2,cw=bal",-,0.589723014113258,0.6444444444444445,0.6995918449819158,0.7222222222222222,0.7285556969954133,0.702051282051282,0.7028218694885361,0.7307692307692307,0.5531914893617021,0.8148148148148148,0.7037037037037037,0.6190476190476191,0.7857142857142857,,
TFIDF-LR,"C=0.3,ngram=1-1,cw=none",-,0.37955310682583415,0.5555555555555556,0.37579042457091233,0.5555555555555556,0.4520325203252033,0.46913580246913583,0.43209876543209874,0.4444444444444444,0.0,0.6829268292682927,0.2962962962962963,0.0,1.0,,
TFIDF-LR,"C=0.3,ngram=1-1,cw=bal",-,0.5941487672884627,0.6555555555555556,0.61250657164554,0.6333333333333333,0.6470763479175186,0.6227752639517345,0.6181657848324514,0.6037735849056604,0.47058823529411764,0.7631578947368421,0.5925925925925926,0.5714285714285714,0.6904761904761905,,
TFIDF-LR,"C=0.3,ngram=1-2,cw=none",-,0.263003663003663,0.4888888888888889,0.21374045801526717,0.4666666666666667,0.299236641221374,0.15730337078651685,0.3333333333333333,0.0,0.0,0.6412213740458015,0.0,0.0,1.0,,
TFIDF-LR,"C=0.3,ngram=1-2,cw=bal",-,0.589723014113258,0.6444444444444445,0.6995918449819158,0.7222222222222222,0.7285556969954133,0.702051282051282,0.7028218694885361,0.7307692307692307,0.5531914893617021,0.8148148148148148,0.7037037037037037,0.6190476190476191,0.7857142857142857,,
TFIDF-LR,"C=1,ngram=1-1,cw=none",-,0.5499921420713499,0.6555555555555556,0.5959151448270913,0.6777777777777778,0.645537208248662,0.6555555555555556,0.5943562610229277,0.6808510638297872,0.3225806451612903,0.7843137254901961,0.5925925925925926,0.23809523809523808,0.9523809523809523,,
TFIDF-LR,"C=1,ngram=1-1,cw=bal",-,0.5796262632594357,0.6333333333333333,0.6209981213754798,0.6444444444444445,0.6567684391080617,0.6287735253252494,0.6261022927689593,0.6037735849056604,0.48,0.7792207792207793,0.5925925925925926,0.5714285714285714,0.7142857142857143,,
TFIDF-LR,"C=1,ngram=1-2,cw=none",-,0.5345607095768908,0.6666666666666666,0.5181525915470869,0.6333333333333333,0.5784050811573748,0.6101160862354892,0.5343915343915344,0.6666666666666666,0.15384615384615385,0.7339449541284404,0.5555555555555556,0.09523809523809523,0.9523809523809523,,
TFIDF-LR,"C=1,ngram=1-2,cw=bal",-,0.5972370766488413,0.6555555555555556,0.6836449864498645,0.7111111111111111,0.717380758807588,0.69020397208803,0.6860670194003529,0.68,0.5416666666666666,0.8292682926829268,0.6296296296296297,0.6190476190476191,0.8095238095238095,,
TFIDF-LR,"C=3,ngram=1-1,cw=none",-,0.5552115583075335,0.6555555555555556,0.673283560240082,0.7111111111111111,0.7066286048894744,0.6940153826595474,0.6693121693121693,0.6521739130434783,0.5454545454545454,0.8222222222222222,0.5555555555555556,0.5714285714285714,0.8809523809523809,,
TFIDF-LR,"C=3,ngram=1-1,cw=bal",-,0.595562352325253,0.6444444444444445,0.6402382725241996,0.6666666666666666,0.6798629932985852,0.6535056795926361,0.6419753086419753,0.64,0.47058823529411764,0.810126582278481,0.5925925925925926,0.5714285714285714,0.7619047619047619,,
TFIDF-LR,"C=3,ngram=1-2,cw=none",-,0.5845802055859877,0.6888888888888889,0.6297158038473122,0.6888888888888889,0.6698774355102866,0.6673659673659674,0.6225749559082893,0.6938775510204082,0.4117647058823529,0.7835051546391752,0.6296296296296297,0.3333333333333333,0.9047619047619048,,
TFIDF-LR,"C=3,ngram=1-2,cw=bal",-,0.6056129773184037,0.6666666666666666,0.68021746851351,0.7111111111111111,0.7173838209982789,0.693283004258614,0.681657848324515,0.6666666666666666,0.5306122448979592,0.8433734939759037,0.5925925925925926,0.6190476190476191,0.8333333333333334,,
TFIDF-LR,"C=10,ngram=1-1,cw=none",-,0.5790523316839106,0.6555555555555556,0.6696360153256705,0.7111111111111111,0.7088793103448275,0.6788359788359788,0.6693121693121693,0.625,0.5333333333333333,0.8505747126436781,0.5555555555555556,0.5714285714285714,0.8809523809523809,,
TFIDF-LR,"C=10,ngram=1-1,cw=bal",-,0.6030666471649359,0.6555555555555556,0.6356865709246661,0.6666666666666666,0.6759203829680019,0.6472550438067679,0.6375661375661376,0.6122448979591837,0.48,0.8148148148148148,0.5555555555555556,0.5714285714285714,0.7857142857142857,,
TFIDF-LR,"C=10,ngram=1-2,cw=none",-,0.6179772647369037,0.7,0.6927379893666578,0.7333333333333333,0.7245771879776246,0.7171717171717171,0.6825396825396824,0.7346938775510204,0.5263157894736842,0.8172043010752689,0.6666666666666666,0.47619047619047616,0.9047619047619048,,
TFIDF-LR,"C=10,ngram=1-2,cw=bal",-,0.6056129773184037,0.6666666666666666,0.68021746851351,0.7111111111111111,0.7173838209982789,0.693283004258614,0.681657848324515,0.6666666666666666,0.5306122448979592,0.8433734939759037,0.5925925925925926,0.6190476190476191,0.8333333333333334,,
TFIDF-LR,"C=30,ngram=1-1,cw=none",-,0.5892773892773893,0.6555555555555556,0.638888888888889,0.6777777777777778,0.6805555555555556,0.6481481481481483,0.6410934744268078,0.5833333333333334,0.5,0.8333333333333334,0.5185185185185185,0.5714285714285714,0.8333333333333334,,
TFIDF-LR,"C=30,ngram=1-1,cw=bal",-,0.6030666471649359,0.6555555555555556,0.6356865709246661,0.6666666666666666,0.6759203829680019,0.6472550438067679,0.6375661375661376,0.6122448979591837,0.48,0.8148148148148148,0.5555555555555556,0.5714285714285714,0.7857142857142857,,
TFIDF-LR,"C=30,ngram=1-2,cw=none",-,0.6404831798090225,0.7111111111111111,0.6859220944805454,0.7222222222222222,0.7195430276950716,0.702991057662658,0.681657848324515,0.6808510638297872,0.5454545454545454,0.8314606741573034,0.5925925925925926,0.5714285714285714,0.8809523809523809,,
TFIDF-LR,"C=30,ngram=1-2,cw=bal",-,0.6056129773184037,0.6666666666666666,0.68021746851351,0.7111111111111111,0.7173838209982789,0.693283004258614,0.681657848324515,0.6666666666666666,0.5306122448979592,0.8433734939759037,0.5925925925925926,0.6190476190476191,0.8333333333333334,,
TFIDF-SVM,"C=0.1,ngram=1-1,cw=none",-,0.4986828774062817,0.6333333333333333,0.5406865622225232,0.6444444444444445,0.5964136830857676,0.634952766531714,0.5502645502645502,0.6521739130434783,0.2222222222222222,0.7476635514018691,0.5555555555555556,0.14285714285714285,0.9523809523809523,,
TFIDF-SVM,"C=0.1,ngram=1-1,cw=bal",-,0.567247520939636,0.6666666666666666,0.7022953333928944,0.7333333333333333,0.7285725453408379,0.7215419501133787,0.6940035273368607,0.7083333333333334,0.5853658536585366,0.8131868131868132,0.6296296296296297,0.5714285714285714,0.8809523809523809,,
TFIDF-SVM,"C=0.1,ngram=1-2,cw=none",-,0.41615667074663404,0.5888888888888889,0.43529411764705883,0.6,0.5094117647058823,0.48951048951048953,0.48148148148148145,0.6,0.0,0.7058823529411765,0.4444444444444444,0.0,1.0,,
TFIDF-SVM,"C=0.1,ngram=1-2,cw=bal",-,0.5729366520853052,0.6777777777777778,0.6110080395794681,0.6777777777777778,0.6549165120593692,0.6504329004329005,0.6067019400352733,0.6938775510204082,0.36363636363636365,0.7755102040816326,0.6296296296296297,0.2857142857142857,0.9047619047619048,,
TFIDF-SVM,"C=0.3,ngram=1-1,cw=none",-,0.5666380403222508,0.6666666666666666,0.595861678004535,0.6666666666666666,0.6453628117913832,0.6198492865159532,0.5943562610229277,0.6530612244897959,0.34285714285714286,0.7916666666666666,0.5925925925925926,0.2857142857142857,0.9047619047619048,,
TFIDF-SVM,"C=0.3,ngram=1-1,cw=bal",-,0.5809325809325809,0.6666666666666666,0.6656209150326797,0.7,0.7007581699346405,0.6698685540950455,0.6657848324514991,0.64,0.5333333333333333,0.8235294117647058,0.5925925925925926,0.5714285714285714,0.8333333333333334,,
TFIDF-SVM,"C=0.3,ngram=1-2,cw=none",-,0.5501879984638606,0.6666666666666666,0.5968198110133595,0.6777777777777778,0.6469455848810687,0.641113653699466,0.5987654320987654,0.68,0.3225806451612903,0.7878787878787878,0.6296296296296297,0.23809523809523808,0.9285714285714286,,
TFIDF-SVM,"C=0.3,ngram=1-2,cw=bal",-,0.6362589004098438,0.7111111111111111,0.7064940918896294,0.7444444444444445,0.7426864998873113,0.7125661375661375,0.7028218694885361,0.7450980392156863,0.5238095238095238,0.8505747126436781,0.7037037037037037,0.5238095238095238,0.8809523809523809,,
TFIDF-SVM,"C=1,ngram=1-1,cw=none",-,0.5944717444717446,0.6666666666666666,0.6184546615581098,0.6666666666666666,0.6649106002554279,0.6277777777777778,0.6172839506172839,0.5833333333333334,0.4444444444444444,0.8275862068965517,0.5185185185185185,0.47619047619047616,0.8571428571428571,,
TFIDF-SVM,"C=1,ngram=1-1,cw=bal",-,0.6022927689594356,0.6555555555555556,0.605,0.6333333333333333,0.6416666666666667,0.6127594097687998,0.609347442680776,0.56,0.48,0.775,0.5185185185185185,0.5714285714285714,0.7380952380952381,,
TFIDF-SVM,"C=1,ngram=1-2,cw=none",-,0.6404831798090225,0.7111111111111111,0.7048148148148149,0.7444444444444445,0.7384074074074074,0.717740910246631,0.6984126984126985,0.72,0.55,0.8444444444444444,0.6666666666666666,0.5238095238095238,0.9047619047619048,,
TFIDF-SVM,"C=1,ngram=1-2,cw=bal",-,0.6329080276448696,0.7,0.6898588513419552,0.7222222222222222,0.7259383256848838,0.7062302612690209,0.689594356261023,0.6808510638297872,0.5416666666666666,0.8470588235294118,0.5925925925925926,0.6190476190476191,0.8571428571428571,,
TFIDF-SVM,"C=3,ngram=1-1,cw=none",-,0.613919684651392,0.6666666666666666,0.6091645493538781,0.6444444444444445,0.6508462421113024,0.6214672861014324,0.609347442680776,0.5833333333333334,0.4489795918367347,0.7951807228915663,0.5185185185185185,0.5238095238095238,0.7857142857142857,,
TFIDF-SVM,"C=3,ngram=1-1,cw=bal",-,0.613919684651392,0.6666666666666666,0.605672268907563,0.6333333333333333,0.6428991596638656,0.6173843700159489,0.609347442680776,0.5714285714285714,0.47058823529411764,0.775,0.5185185185185185,0.5714285714285714,0.7380952380952381,,
TFIDF-SVM,"C=3,ngram=1-2,cw=none",-,0.6321867321867322,0.7,0.6519678672502592,0.6888888888888889,0.6898374026613229,0.6603535353535354,0.6499118165784833,0.6530612244897959,0.4888888888888889,0.813953488372093,0.5925925925925926,0.5238095238095238,0.8333333333333334,,
TFIDF-SVM,"C=3,ngram=1-2,cw=bal",-,0.6161624992714344,0.6777777777777778,0.6811291892643583,0.7111111111111111,0.7133917396745932,0.691952750092285,0.681657848324515,0.6666666666666666,0.5531914893617021,0.8235294117647058,0.5925925925925926,0.6190476190476191,0.8333333333333334,,
TFIDF-SVM,"C=10,ngram=1-1,cw=none",-,0.6021219689321077,0.6555555555555556,0.5785631325701012,0.6111111111111112,0.6195121951219512,0.5895021645021644,0.5776014109347443,0.5714285714285714,0.40816326530612246,0.7560975609756098,0.5185185185185185,0.47619047619047616,0.7380952380952381,,
TFIDF-SVM,"C=10,ngram=1-1,cw=bal",-,0.6021219689321077,0.6555555555555556,0.5785631325701012,0.6111111111111112,0.6195121951219512,0.5895021645021644,0.5776014109347443,0.5714285714285714,0.40816326530612246,0.7560975609756098,0.5185185185185185,0.47619047619047616,0.7380952380952381,,
TFIDF-SVM,"C=10,ngram=1-2,cw=none",-,0.6161624992714344,0.6777777777777778,0.6811291892643583,0.7111111111111111,0.7133917396745932,0.691952750092285,0.681657848324515,0.6666666666666666,0.5531914893617021,0.8235294117647058,0.5925925925925926,0.6190476190476191,0.8333333333333334,,
TFIDF-SVM,"C=10,ngram=1-2,cw=bal",-,0.6161624992714344,0.6777777777777778,0.6811291892643583,0.7111111111111111,0.7133917396745932,0.691952750092285,0.681657848324515,0.6666666666666666,0.5531914893617021,0.8235294117647058,0.5925925925925926,0.6190476190476191,0.8333333333333334,,
TFIDF-SVM,"C=30,ngram=1-1,cw=none",-,0.6021219689321077,0.6555555555555556,0.5785631325701012,0.6111111111111112,0.6195121951219512,0.5895021645021644,0.5776014109347443,0.5714285714285714,0.40816326530612246,0.7560975609756098,0.5185185185185185,0.47619047619047616,0.7380952380952381,,
TFIDF-SVM,"C=30,ngram=1-1,cw=bal",-,0.6021219689321077,0.6555555555555556,0.5785631325701012,0.6111111111111112,0.6195121951219512,0.5895021645021644,0.5776014109347443,0.5714285714285714,0.40816326530612246,0.7560975609756098,0.5185185185185185,0.47619047619047616,0.7380952380952381,,
TFIDF-SVM,"C=30,ngram=1-2,cw=none",-,0.6161624992714344,0.6777777777777778,0.6811291892643583,0.7111111111111111,0.7133917396745932,0.691952750092285,0.681657848324515,0.6666666666666666,0.5531914893617021,0.8235294117647058,0.5925925925925926,0.6190476190476191,0.8333333333333334,,
TFIDF-SVM,"C=30,ngram=1-2,cw=bal",-,0.6161624992714344,0.6777777777777778,0.6811291892643583,0.7111111111111111,0.7133917396745932,0.691952750092285,0.681657848324515,0.6666666666666666,0.5531914893617021,0.8235294117647058,0.5925925925925926,0.6190476190476191,0.8333333333333334,,
CNN,"emb=random,cw=none",42,0.5670044992449365,0.5777777777777777,0.5467983372528443,0.5555555555555556,0.5610032074405125,0.6277777777777778,0.5811287477954145,0.6567164179104478,0.4074074074074074,0.576271186440678,0.8148148148148148,0.5238095238095238,0.40476190476190477,12.0,20.0
CNN,"emb=random,cw=none",7,0.6030738469650126,0.6333333333333333,0.5887249736564805,0.6,0.6219072708113804,0.614079696394687,0.5908289241622575,0.6538461538461539,0.4,0.7123287671232876,0.6296296296296297,0.5238095238095238,0.6190476190476191,13.0,21.0
CNN,"emb=random,cw=none",13,0.6274989447833929,0.6333333333333333,0.5983478137017518,0.6111111111111112,0.6261881023595879,0.618452380952381,0.6111111111111112,0.6101694915254238,0.47058823529411764,0.7142857142857143,0.6666666666666666,0.5714285714285714,0.5952380952380952,13.0,21.0
CNN,"emb=random,cw=none",99,0.5992184956040377,0.6555555555555556,0.5994140899331822,0.6333333333333333,0.643144651564099,0.606951871657754,0.6031746031746031,0.5901639344262295,0.4186046511627907,0.7894736842105263,0.6666666666666666,0.42857142857142855,0.7142857142857143,19.0,27.0
CNN,"emb=random,cw=none",2024,0.6269052217124601,0.6444444444444445,0.6095238095238096,0.6111111111111112,0.6333333333333333,0.7277603349031921,0.6322751322751322,0.6,0.5142857142857142,0.7142857142857143,0.4444444444444444,0.8571428571428571,0.5952380952380952,20.0,28.0
CNN,"emb=random,cw=bal",42,0.6434896127019277,0.6666666666666666,0.5933146001639152,0.6111111111111112,0.6285036880927292,0.6994204224815069,0.6155202821869489,0.5128205128205128,0.5,0.7671232876712328,0.37037037037037035,0.8095238095238095,0.6666666666666666,18.0,26.0
CNN,"emb=random,cw=bal",7,0.5279104549621266,0.5555555555555556,0.5235622697228665,0.5555555555555556,0.5586124518551022,0.5530753968253969,0.5282186948853616,0.46511627906976744,0.41509433962264153,0.6904761904761905,0.37037037037037035,0.5238095238095238,0.6904761904761905,11.0,19.0
CNN,"emb=random,cw=bal",13,0.5947705663497312,0.6333333333333333,0.6192536487514698,0.6555555555555556,0.658129971640036,0.6234485259253061,0.6234567901234568,0.6229508196721312,0.45,0.7848101265822784,0.7037037037037037,0.42857142857142855,0.7380952380952381,24.0,32.0
CNN,"emb=random,cw=bal",99,0.6757105943152455,0.7222222222222222,0.6165091027330684,0.6333333333333333,0.6341147535879954,0.6151214037392899,0.6181657848324514,0.5925925925925926,0.5581395348837209,0.6987951807228916,0.5925925925925926,0.5714285714285714,0.6904761904761905,11.0,19.0
CNN,"emb=random,cw=bal",2024,0.6281093677279932,0.6444444444444445,0.6009076269945836,0.6,0.6244356609574001,0.674074074074074,0.6172839506172839,0.6222222222222222,0.48484848484848486,0.6956521739130435,0.5185185185185185,0.7619047619047619,0.5714285714285714,16.0,24.0
CNN,"emb=glove,cw=none",42,0.6336429308565531,0.7111111111111111,0.6014985704426697,0.6666666666666666,0.6483781918564527,0.6402255639097744,0.5943562610229277,0.6956521739130435,0.3333333333333333,0.7755102040816326,0.5925925925925926,0.2857142857142857,0.9047619047619048,17.0,25.0
CNN,"emb=glove,cw=none",7,0.6252587991718427,0.6777777777777778,0.6082026589856303,0.6333333333333333,0.644258031232871,0.7163029525032093,0.6119929453262786,0.5789473684210527,0.4745762711864407,0.7710843373493976,0.4074074074074074,0.6666666666666666,0.7619047619047619,22.0,30.0
CNN,"emb=glove,cw=none",13,0.6375901875901876,0.6666666666666666,0.6409378150512192,0.6444444444444445,0.6680392961298591,0.6934931975582382,0.6578483245149912,0.6530612244897959,0.5161290322580645,0.7536231884057971,0.5925925925925926,0.7619047619047619,0.6190476190476191,23.0,31.0
CNN,"emb=glove,cw=none",99,0.5845898720615113,0.6666666666666666,0.5948115816832996,0.6555555555555556,0.6442584130881206,0.6288007956805911,0.5925925925925926,0.5581395348837209,0.4090909090909091,0.8172043010752689,0.4444444444444444,0.42857142857142855,0.9047619047619048,13.0,21.0
CNN,"emb=glove,cw=none",2024,0.6466574934067194,0.7,0.5861991412799018,0.6333333333333333,0.631957336604648,0.6270022883295194,0.6146384479717812,0.7123287671232876,0.3,0.746268656716418,0.9629629629629629,0.2857142857142857,0.5952380952380952,22.0,30.0
CNN,"emb=glove,cw=bal",42,0.6259953084217134,0.6555555555555556,0.5916305916305916,0.6111111111111112,0.6212121212121212,0.6134867547911026,0.6040564373897707,0.6060606060606061,0.45454545454545453,0.7142857142857143,0.7407407407407407,0.47619047619047616,0.5952380952380952,13.0,21.0
CNN,"emb=glove,cw=bal",7,0.614017094017094,0.6444444444444445,0.5484141499179093,0.5666666666666667,0.5789744631849895,0.5572420634920635,0.5546737213403881,0.5614035087719298,0.40816326530612246,0.6756756756756757,0.5925925925925926,0.47619047619047616,0.5952380952380952,11.0,19.0
CNN,"emb=glove,cw=bal",13,0.6241066515426191,0.6666666666666666,0.697943244808472,0.7111111111111111,0.7223493009017953,0.7101971536754146,0.7028218694885361,0.76,0.5490196078431373,0.7848101265822784,0.7037037037037037,0.6666666666666666,0.7380952380952381,23.0,31.0
CNN,"emb=glove,cw=bal",99,0.5985008339864551,0.6666666666666666,0.6171138039830389,0.6666666666666666,0.653394023432005,0.7164141414141415,0.6119929453262786,0.5789473684210527,0.4888888888888889,0.7835051546391752,0.4074074074074074,0.5238095238095238,0.9047619047619048,17.0,25.0
CNN,"emb=glove,cw=bal",2024,0.6285410449041199,0.6444444444444445,0.6619744744744744,0.6666666666666666,0.6844031531531533,0.742312661498708,0.6807760141093474,0.6666666666666666,0.5625,0.7567567567567568,0.5185185185185185,0.8571428571428571,0.6666666666666666,18.0,26.0
BiLSTM,"emb=random,cw=none",42,0.6149331843738882,0.6444444444444445,0.5328770799785293,0.5666666666666667,0.579898013955985,0.557150451887294,0.5326278659611993,0.4782608695652174,0.37037037037037035,0.75,0.4074074074074074,0.47619047619047616,0.7142857142857143,9.0,17.0
BiLSTM,"emb=random,cw=none",7,0.6088318102867939,0.6777777777777778,0.6306210585280353,0.6777777777777778,0.6719914710612385,0.6319143819143819,0.6313932980599647,0.6909090909090909,0.41025641025641024,0.7906976744186046,0.7037037037037037,0.38095238095238093,0.8095238095238095,7.0,15.0
BiLSTM,"emb=random,cw=none",13,0.5961857127911254,0.6111111111111112,0.5804816741087394,0.6,0.6178671053572706,0.6519163763066201,0.5881834215167548,0.5365853658536586,0.45161290322580644,0.7532467532467533,0.4074074074074074,0.6666666666666666,0.6904761904761905,14.0,22.0
BiLSTM,"emb=random,cw=none",99,0.5823041738136078,0.6,0.617399450732784,0.6333333333333333,0.6472177305510639,0.633080808080808,0.6296296296296297,0.5769230769230769,0.5185185185185185,0.7567567567567568,0.5555555555555556,0.6666666666666666,0.6666666666666666,11.0,19.0
BiLSTM,"emb=random,cw=none",2024,0.5956515219673114,0.6111111111111112,0.5948148148148148,0.6111111111111112,0.6353333333333333,0.6447811447811448,0.5970017636684303,0.5777777777777777,0.43333333333333335,0.7733333333333333,0.48148148148148145,0.6190476190476191,0.6904761904761905,19.0,27.0
BiLSTM,"emb=random,cw=bal",42,0.5724960126756778,0.6222222222222222,0.5777777777777778,0.6222222222222222,0.6216666666666666,0.5778841041998937,0.583774250440917,0.6333333333333333,0.35,0.75,0.7037037037037037,0.3333333333333333,0.7142857142857143,15.0,23.0
BiLSTM,"emb=random,cw=bal",7,0.6759951159951161,0.7222222222222222,0.625514403292181,0.6555555555555556,0.6609053497942387,0.6260683760683761,0.626984126984127,0.6666666666666666,0.4444444444444444,0.7654320987654321,0.6666666666666666,0.47619047619047616,0.7380952380952381,12.0,20.0
BiLSTM,"emb=random,cw=bal",13,0.6156069070077435,0.6444444444444445,0.5816058781576022,0.6,0.6214002089864159,0.625039325039325,0.5811287477954145,0.5777777777777777,0.41379310344827586,0.7532467532467533,0.48148148148148145,0.5714285714285714,0.6904761904761905,8.0,16.0
BiLSTM,"emb=random,cw=bal",99,0.5945412914646347,0.6,0.5680017315691405,0.5666666666666667,0.594424786533913,0.62,0.5749559082892416,0.6538461538461539,0.39344262295081966,0.6567164179104478,0.6296296296296297,0.5714285714285714,0.5238095238095238,10.0,18.0
BiLSTM,"emb=random,cw=bal",2024,0.6157916157916157,0.6444444444444445,0.6015412638363459,0.6333333333333333,0.6419335855401429,0.6834795321637427,0.6155202821869489,0.5128205128205128,0.4918032786885246,0.8,0.37037037037037035,0.7142857142857143,0.7619047619047619,11.0,19.0
BiLSTM,"emb=glove,cw=none",42,0.6022905364677517,0.6444444444444445,0.5928027556784311,0.6222222222222222,0.6375880080298768,0.6129089301503095,0.6005291005291005,0.6774193548387096,0.3404255319148936,0.7605633802816901,0.7777777777777778,0.38095238095238093,0.6428571428571429,12.0,20.0
BiLSTM,"emb=glove,cw=none",7,0.5826727536833368,0.6333333333333333,0.5168558651530787,0.5888888888888889,0.5768661850705195,0.5200382592061215,0.5414462081128747,0.6470588235294118,0.16666666666666666,0.7368421052631579,0.8148148148148148,0.14285714285714285,0.6666666666666666,10.0,18.0
BiLSTM,"emb=glove,cw=none",13,0.6200412309834802,0.6777777777777778,0.6030993042378242,0.6666666666666666,0.6512017710309931,0.7215686274509804,0.611111111111111,0.5,0.47058823529411764,0.8387096774193549,0.3333333333333333,0.5714285714285714,0.9285714285714286,17.0,25.0
BiLSTM,"emb=glove,cw=none",99,0.565587044534413,0.6222222222222222,0.5848282739668508,0.6333333333333333,0.6253328234601643,0.6795400816677413,0.5952380952380952,0.4864864864864865,0.48148148148148145,0.7865168539325843,0.3333333333333333,0.6190476190476191,0.8333333333333334,10.0,18.0
BiLSTM,"emb=glove,cw=none",2024,0.5861326442721791,0.6333333333333333,0.6048999093255214,0.6333333333333333,0.6444587431122271,0.6783625730994153,0.6119929453262786,0.55,0.4745762711864407,0.7901234567901234,0.4074074074074074,0.6666666666666666,0.7619047619047619,18.0,26.0
BiLSTM,"emb=glove,cw=bal",42,0.6133440662204431,0.6777777777777778,0.551881042454813,0.6,0.5970134510298444,0.5517715858273133,0.5599647266313933,0.6229508196721312,0.3076923076923077,0.725,0.7037037037037037,0.2857142857142857,0.6904761904761905,6.0,14.0
BiLSTM,"emb=glove,cw=bal",7,0.5806682206682207,0.6222222222222222,0.5245384703589039,0.5888888888888889,0.584462790964339,0.5358042403953451,0.5405643738977072,0.5882352941176471,0.2222222222222222,0.7631578947368421,0.7407407407407407,0.19047619047619047,0.6904761904761905,3.0,11.0
BiLSTM,"emb=glove,cw=bal",13,0.5734652634789903,0.6444444444444445,0.6233333333333334,0.6666666666666666,0.6596666666666667,0.6814765694076038,0.6278659611992946,0.55,0.52,0.8,0.4074074074074074,0.6190476190476191,0.8571428571428571,10.0,18.0
BiLSTM,"emb=glove,cw=bal",99,0.5659876058304967,0.5888888888888889,0.5862651466864501,0.6,0.618076061704788,0.7114084392310199,0.607583774250441,0.5263157894736842,0.4927536231884058,0.7397260273972602,0.37037037037037035,0.8095238095238095,0.6428571428571429,15.0,23.0
BiLSTM,"emb=glove,cw=bal",2024,0.5782349433512225,0.6222222222222222,0.6081881942347058,0.6222222222222222,0.6417993892412497,0.6666819291819293,0.6128747795414462,0.6046511627906976,0.4666666666666667,0.7532467532467533,0.48148148148148145,0.6666666666666666,0.6904761904761905,19.0,27.0
