model,factor,level,n,error_rate
VADER,length_bin,<=25,120,0.25
VADER,length_bin,26-45,185,0.41621621621621624
VADER,length_bin,46-75,146,0.3561643835616438
VADER,length_bin,>75,147,0.43537414965986393
VADER,contrast_marker,False,345,0.2492753623188406
VADER,contrast_marker,True,253,0.541501976284585
VADER,explicit_negation,False,278,0.26258992805755393
VADER,explicit_negation,True,320,0.46875
VADER,three_star,False,452,0.18805309734513273
VADER,three_star,True,146,0.9452054794520548
VADER,manual_override,False,590,0.3694915254237288
VADER,manual_override,True,8,0.625
VADER,category,Beach/Coastal,109,0.46788990825688076
VADER,category,Family,85,0.32941176470588235
VADER,category,Food/Gastronomy,203,0.43349753694581283
VADER,category,History/Culture,94,0.23404255319148937
VADER,category,Nature,40,0.275
VADER,category,Nightlife,67,0.34328358208955223
VADER,overall,all,598,0.3729096989966555
TFIDF-LR,length_bin,<=25,120,0.23333333333333334
TFIDF-LR,length_bin,26-45,185,0.3837837837837838
TFIDF-LR,length_bin,46-75,146,0.3013698630136986
TFIDF-LR,length_bin,>75,147,0.2925170068027211
TFIDF-LR,contrast_marker,False,345,0.25217391304347825
TFIDF-LR,contrast_marker,True,253,0.391304347826087
TFIDF-LR,explicit_negation,False,278,0.2446043165467626
TFIDF-LR,explicit_negation,True,320,0.36875
TFIDF-LR,three_star,False,452,0.19690265486725664
TFIDF-LR,three_star,True,146,0.6643835616438356
TFIDF-LR,manual_override,False,590,0.31186440677966104
TFIDF-LR,manual_override,True,8,0.25
TFIDF-LR,category,Beach/Coastal,109,0.5321100917431193
TFIDF-LR,category,Family,85,0.18823529411764706
TFIDF-LR,category,Food/Gastronomy,203,0.31527093596059114
TFIDF-LR,category,History/Culture,94,0.26595744680851063
TFIDF-LR,category,Nature,40,0.325
TFIDF-LR,category,Nightlife,67,0.14925373134328357
TFIDF-LR,overall,all,598,0.3110367892976589
TFIDF-SVM,length_bin,<=25,120,0.23333333333333334
TFIDF-SVM,length_bin,26-45,185,0.3783783783783784
TFIDF-SVM,length_bin,46-75,146,0.3013698630136986
TFIDF-SVM,length_bin,>75,147,0.29931972789115646
TFIDF-SVM,contrast_marker,False,345,0.25217391304347825
TFIDF-SVM,contrast_marker,True,253,0.391304347826087
TFIDF-SVM,explicit_negation,False,278,0.2446043165467626
TFIDF-SVM,explicit_negation,True,320,0.36875
TFIDF-SVM,three_star,False,452,0.19247787610619468
TFIDF-SVM,three_star,True,146,0.678082191780822
TFIDF-SVM,manual_override,False,590,0.31186440677966104
TFIDF-SVM,manual_override,True,8,0.25
TFIDF-SVM,category,Beach/Coastal,109,0.5321100917431193
TFIDF-SVM,category,Family,85,0.18823529411764706
TFIDF-SVM,category,Food/Gastronomy,203,0.3054187192118227
TFIDF-SVM,category,History/Culture,94,0.2765957446808511
TFIDF-SVM,category,Nature,40,0.325
TFIDF-SVM,category,Nightlife,67,0.16417910447761194
TFIDF-SVM,overall,all,598,0.3110367892976589
CNN,length_bin,<=25,120,0.3
CNN,length_bin,26-45,185,0.3783783783783784
CNN,length_bin,46-75,146,0.3493150684931507
CNN,length_bin,>75,147,0.36054421768707484
CNN,contrast_marker,False,345,0.2753623188405797
CNN,contrast_marker,True,253,0.45454545454545453
CNN,explicit_negation,False,278,0.28776978417266186
CNN,explicit_negation,True,320,0.40625
CNN,three_star,False,452,0.2411504424778761
CNN,three_star,True,146,0.6917808219178082
CNN,manual_override,False,590,0.34915254237288135
CNN,manual_override,True,8,0.5
CNN,category,Beach/Coastal,109,0.47706422018348627
CNN,category,Family,85,0.2
CNN,category,Food/Gastronomy,203,0.3793103448275862
CNN,category,History/Culture,94,0.3191489361702128
CNN,category,Nature,40,0.45
CNN,category,Nightlife,67,0.23880597014925373
CNN,overall,all,598,0.3511705685618729
BiLSTM,length_bin,<=25,120,0.275
BiLSTM,length_bin,26-45,185,0.4
BiLSTM,length_bin,46-75,146,0.4246575342465753
BiLSTM,length_bin,>75,147,0.46258503401360546
BiLSTM,contrast_marker,False,345,0.3217391304347826
BiLSTM,contrast_marker,True,253,0.4980237154150198
BiLSTM,explicit_negation,False,278,0.302158273381295
BiLSTM,explicit_negation,True,320,0.478125
BiLSTM,three_star,False,452,0.32964601769911506
BiLSTM,three_star,True,146,0.6027397260273972
BiLSTM,manual_override,False,590,0.3949152542372881
BiLSTM,manual_override,True,8,0.5
BiLSTM,category,Beach/Coastal,109,0.5779816513761468
BiLSTM,category,Family,85,0.23529411764705882
BiLSTM,category,Food/Gastronomy,203,0.39901477832512317
BiLSTM,category,History/Culture,94,0.35106382978723405
BiLSTM,category,Nature,40,0.475
BiLSTM,category,Nightlife,67,0.31343283582089554
BiLSTM,overall,all,598,0.3963210702341137
DistilBERT,length_bin,<=25,120,0.19166666666666668
DistilBERT,length_bin,26-45,185,0.2918918918918919
DistilBERT,length_bin,46-75,146,0.2671232876712329
DistilBERT,length_bin,>75,147,0.24489795918367346
DistilBERT,contrast_marker,False,345,0.17391304347826086
DistilBERT,contrast_marker,True,253,0.36363636363636365
DistilBERT,explicit_negation,False,278,0.19784172661870503
DistilBERT,explicit_negation,True,320,0.303125
DistilBERT,three_star,False,452,0.17035398230088494
DistilBERT,three_star,True,146,0.5136986301369864
DistilBERT,manual_override,False,590,0.2559322033898305
DistilBERT,manual_override,True,8,0.125
DistilBERT,category,Beach/Coastal,109,0.3577981651376147
DistilBERT,category,Family,85,0.17647058823529413
DistilBERT,category,Food/Gastronomy,203,0.2561576354679803
DistilBERT,category,History/Culture,94,0.2553191489361702
DistilBERT,category,Nature,40,0.325
DistilBERT,category,Nightlife,67,0.13432835820895522
DistilBERT,overall,all,598,0.25418060200668896
