Item,Review_ID,Final_primary,c2,c2_sec
1,489,sarcasm_irony,mixed_sentiment,neutral_boundary
2,84,rating_text_mismatch,mixed_sentiment,sarcasm_irony
3,338,mixed_sentiment,mixed_sentiment,neutral_boundary
4,393,negation_or_contrast,negation_or_contrast,neutral_boundary
5,80,rating_text_mismatch,rating_text_mismatch,
6,509,mixed_sentiment,mixed_sentiment,neutral_boundary
7,536,negation_or_contrast,mixed_sentiment,neutral_boundary
8,136,rating_text_mismatch,rating_text_mismatch,
9,63,negation_or_contrast,negation_or_contrast,implicit_sentiment
10,417,mixed_sentiment,mixed_sentiment,negation_or_contrast
11,137,rating_text_mismatch,rating_text_mismatch,
12,285,negation_or_contrast,short_or_uninformative,neutral_boundary
13,574,mixed_sentiment,negation_or_contrast,neutral_boundary
14,215,rating_text_mismatch,,
15,207,neutral_boundary,negation_or_contrast,neutral_boundary
16,339,mixed_sentiment,mixed_sentiment,neutral_boundary
17,204,non_standard_language,mixed_sentiment,neutral_boundary
18,375,mixed_sentiment,mixed_sentiment,neutral_boundary
19,337,implicit_sentiment,neutral_boundary,mixed_sentiment
20,313,mixed_sentiment,mixed_sentiment,neutral_boundary
21,85,neutral_boundary,rating_text_mismatch,
22,454,neutral_boundary,neutral_boundary,mixed_sentiment
23,206,mixed_sentiment,negation_or_contrast,neutral_boundary
24,583,mixed_sentiment,negation_or_contrast,
25,54,mixed_sentiment,mixed_sentiment,neutral_boundary
26,456,rating_text_mismatch,rating_text_mismatch,neutral_boundary
27,189,implicit_sentiment,neutral_boundary,
28,555,mixed_sentiment,mixed_sentiment,neutral_boundary
29,228,neutral_boundary,negation_or_contrast,
30,12,mixed_sentiment,rating_text_mismatch,
31,28,mixed_sentiment,mixed_sentiment,neutral_boundary
32,248,non_standard_language,non_standard_language,
33,318,non_standard_language,sarcasm_irony,
34,419,mixed_sentiment,implicit_sentiment,
35,323,implicit_sentiment,non_standard_language,neutral_boundary
36,367,mixed_sentiment,negation_or_contrast,mixed_sentiment
37,37,mixed_sentiment,neutral_boundary,negation_or_contrast
38,582,mixed_sentiment,negation_or_contrast,mixed_sentiment
39,237,mixed_sentiment,rating_text_mismatch,mixed_sentiment
40,192,negation_or_contrast,neutral_boundary,negation_or_contrast
41,381,mixed_sentiment,negation_or_contrast,
42,356,rating_text_mismatch,rating_text_mismatch,
43,30,mixed_sentiment,rating_text_mismatch,neutral_boundary
44,424,non_standard_language,neutral_boundary,
45,572,rating_text_mismatch,rating_text_mismatch,negation_or_contrast
46,202,mixed_sentiment,negation_or_contrast,mixed_sentiment
47,25,mixed_sentiment,rating_text_mismatch,
48,590,rating_text_mismatch,rating_text_mismatch,mixed_sentiment
49,133,mixed_sentiment,mixed_sentiment,
50,379,mixed_sentiment,neutral_boundary,implicit_sentiment
