scheme,family,macro_f1,ci_lo,ci_hi,accuracy,f1_Negative,f1_Neutral,f1_Positive
random_5fold,VADER,0.4823412489853599,0.450184418155098,0.5154272588529367,0.6270903010033445,0.6352201257861635,0.0625,0.7493036211699164
random_5fold,TFIDF-LR,0.62728261638024,0.5856935670471732,0.6660183252556956,0.6889632107023411,0.6949152542372882,0.3829787234042553,0.8039538714991763
random_5fold,TFIDF-SVM,0.624611615685985,0.5819479138228927,0.6629054203682961,0.6889632107023411,0.6946778711484594,0.3771929824561403,0.8019639934533551
random_5fold,CNN,0.5924823832925151,0.5533280622670883,0.6312477537232887,0.6488294314381271,0.679144385026738,0.3153846153846154,0.7829181494661922
random_5fold,BiLSTM,0.5680706789341886,0.5279257434536573,0.6065264444745121,0.6036789297658863,0.6072423398328691,0.3636363636363636,0.7333333333333333
leave_one_attraction_out,VADER,0.4823412489853599,0.450184418155098,0.5154272588529367,0.6270903010033445,0.6352201257861635,0.0625,0.7493036211699164
leave_one_attraction_out,TFIDF-LR,0.5963371082705146,0.5557422872340959,0.6345152168914303,0.6705685618729097,0.6787564766839378,0.3222748815165877,0.7879799666110183
leave_one_attraction_out,TFIDF-SVM,0.59352669166102,0.5525006169837842,0.6318681735481517,0.6688963210702341,0.6805194805194805,0.3173076923076923,0.7827529021558872
leave_one_attraction_out,CNN,0.5725443967199251,0.5325310810978942,0.6086444953761735,0.6053511705685619,0.6318840579710145,0.3281733746130031,0.7575757575757576
leave_one_attraction_out,BiLSTM,0.561398161092705,0.5220782433490027,0.5988278918549794,0.5769230769230769,0.5676567656765676,0.4202127659574468,0.6963249516441006
random_5fold,DistilBERT,0.7046064963403785,0.666970359998362,0.7392778747720092,0.745819397993311,0.7648725212464589,0.4857142857142857,0.8632326820603907
leave_one_attraction_out,DistilBERT,0.7136499991916149,0.6758149966772966,0.7492116569844511,0.7525083612040134,0.7556818181818182,0.512280701754386,0.8729874776386404
