scheme,family,all598,excl_val508,diff
random_5fold,VADER,0.48234124898535996,0.48011021976848234,-0.0022310292168776225
random_5fold,TFIDF-LR,0.62728261638024,0.6130323101959587,-0.014250306184281247
random_5fold,TFIDF-SVM,0.624611615685985,0.61318814936101,-0.01142346632497504
random_5fold,CNN,0.5924823832925151,0.6019990175351949,0.009516634242679789
random_5fold,BiLSTM,0.5680706789341886,0.5689372250383204,0.0008665461041318379
random_5fold,DistilBERT,0.7046064963403785,0.6953047277341219,-0.009301768606256644
leave_one_attraction_out,VADER,0.48234124898535996,0.48011021976848234,-0.0022310292168776225
leave_one_attraction_out,TFIDF-LR,0.5963371082705146,0.591328586540504,-0.00500852173001054
leave_one_attraction_out,TFIDF-SVM,0.59352669166102,0.5879666347908751,-0.005560056870144936
leave_one_attraction_out,CNN,0.5725443967199251,0.5718645758236202,-0.0006798208963049168
leave_one_attraction_out,BiLSTM,0.561398161092705,0.5560877128629229,-0.005310448229782105
leave_one_attraction_out,DistilBERT,0.7136499991916149,0.7038522466503814,-0.009797752541233495
