entity,n,"acc__lr=2e-05,cw=none","f1__lr=2e-05,cw=none","acc__lr=2e-05,cw=bal","f1__lr=2e-05,cw=bal","acc__lr=5e-05,cw=none","f1__lr=5e-05,cw=none","acc__lr=5e-05,cw=bal","f1__lr=5e-05,cw=bal",acc__nested,f1__nested,acc_range_across_configs
Alsancak,20,0.75,0.6616,0.75,0.6616,0.85,0.7919,0.8,0.7078,0.75,0.6616,0.1
Bios Bar,3,1.0,,1.0,,1.0,,1.0,,1.0,,0.0
Bostanli Meyhanesi,4,1.0,,1.0,,1.0,,1.0,,1.0,,0.0
Deniz Restaurant,73,0.7671,0.7341,0.7534,0.736,0.7534,0.7519,0.6849,0.6921,0.6849,0.6921,0.0822
Ephesus,44,0.9318,0.4626,0.9318,0.4626,0.9318,0.4626,0.9318,0.4626,0.9318,0.4626,0.0
Ilica Plaji,89,0.6629,0.6604,0.6517,0.6586,0.6404,0.6498,0.6404,0.6507,0.6404,0.6507,0.0225
Izmir Marriott Hotel,46,0.8043,0.7626,0.8043,0.7626,0.7609,0.719,0.8043,0.7723,0.8043,0.7723,0.0435
Izmir Saat Kulesi (Clock Tower),50,0.56,0.4089,0.6,0.468,0.56,0.3919,0.58,0.4406,0.6,0.468,0.04
Izmir Wildlife Park,40,0.65,0.5403,0.7,0.6142,0.675,0.6431,0.675,0.6275,0.675,0.6431,0.05
Key Hotel,39,0.8205,0.6975,0.8205,0.6738,0.7949,0.6443,0.7692,0.6266,0.8205,0.6738,0.0513
Punt Ancient Pub,16,0.9375,,0.9375,,0.9375,,0.9375,,0.9375,,0.0
Reyhan Pastanesi,30,0.7,0.6999,0.7333,0.7354,0.7,0.7074,0.7,0.7074,0.7,0.7074,0.0333
Scappi,44,0.7727,0.723,0.8182,0.7875,0.7727,0.7239,0.7727,0.74,0.7727,0.74,0.0455
Tavaci Recep Usta,100,0.73,0.6401,0.74,0.6698,0.74,0.6685,0.73,0.6862,0.74,0.6698,0.01
