scheme,vs,diff,ci_lo,ci_hi,p_boot,mcnemar
random_5fold,TFIDF-LR,0.08227241753816317,0.03553386130351279,0.1321166075595326,0.0,0.004553556466032558
leave_one_attraction_out,TFIDF-LR,0.11252366010987735,0.0639202197529647,0.16018200195753818,0.0,0.00019823699855458433
random_5fold,TFIDF-SVM,0.08211657837311193,0.03463223394844935,0.13094847005460294,0.0,0.0063516239199018
leave_one_attraction_out,TFIDF-SVM,0.1158856118595063,0.06855969265336692,0.16349153681071765,0.0,0.0001246562449063268
random_5fold,CNN,0.09330571019892697,0.04723355821916627,0.13982537564841802,0.0,0.00011547452744485298
leave_one_attraction_out,CNN,0.13198767082676122,0.08760862498785282,0.1758369086372996,0.0,1.2622956902102258e-09
random_5fold,BiLSTM,0.12636750269580144,0.07266229162056456,0.1793701188163187,0.0,3.485737054862625e-08
leave_one_attraction_out,BiLSTM,0.14776453378745846,0.09734197615356127,0.1956795958616586,0.0,8.458541493685908e-12
random_5fold,VADER,0.21519450796563955,0.16632152235762365,0.2640240958817799,0.0,2.5592163074465855e-07
leave_one_attraction_out,VADER,0.22374202688189904,0.17358835617881785,0.27362932262523937,0.0,1.6065634901570444e-07
