attraction,category,n,family,loao_acc,random_acc,loao_macro_f1
Alsancak,Beach/Coastal,20,VADER,0.5,0.5,0.3555555555555555
Alsancak,Beach/Coastal,20,TFIDF-LR,0.7,0.6,0.6111111111111112
Alsancak,Beach/Coastal,20,TFIDF-SVM,0.7,0.6,0.6111111111111112
Alsancak,Beach/Coastal,20,CNN,0.65,0.55,0.4505050505050505
Alsancak,Beach/Coastal,20,BiLSTM,0.6,0.45,0.4416924664602683
Bios Bar,Nightlife,3,VADER,0.6666666666666666,0.6666666666666666,
Bios Bar,Nightlife,3,TFIDF-LR,1.0,1.0,
Bios Bar,Nightlife,3,TFIDF-SVM,1.0,1.0,
Bios Bar,Nightlife,3,CNN,1.0,1.0,
Bios Bar,Nightlife,3,BiLSTM,0.6666666666666666,0.6666666666666666,
Bostanli Meyhanesi,Nightlife,4,VADER,0.75,0.75,
Bostanli Meyhanesi,Nightlife,4,TFIDF-LR,1.0,1.0,
Bostanli Meyhanesi,Nightlife,4,TFIDF-SVM,1.0,1.0,
Bostanli Meyhanesi,Nightlife,4,CNN,0.75,0.75,
Bostanli Meyhanesi,Nightlife,4,BiLSTM,0.75,0.75,
Deniz Restaurant,Food/Gastronomy,73,VADER,0.4931506849315068,0.4931506849315068,0.3908058278750517
Deniz Restaurant,Food/Gastronomy,73,TFIDF-LR,0.6438356164383562,0.6438356164383562,0.6224242424242424
Deniz Restaurant,Food/Gastronomy,73,TFIDF-SVM,0.6438356164383562,0.6438356164383562,0.6224242424242424
Deniz Restaurant,Food/Gastronomy,73,CNN,0.6164383561643836,0.6438356164383562,0.5799352443378377
Deniz Restaurant,Food/Gastronomy,73,BiLSTM,0.5753424657534246,0.5753424657534246,0.5488888888888889
Ephesus,History/Culture,44,VADER,0.9090909090909092,0.9090909090909092,0.321285140562249
Ephesus,History/Culture,44,TFIDF-LR,0.8181818181818182,0.9318181818181818,0.3116883116883117
Ephesus,History/Culture,44,TFIDF-SVM,0.8181818181818182,0.9090909090909092,0.3116883116883117
Ephesus,History/Culture,44,CNN,0.9318181818181818,0.9090909090909092,0.4958847736625514
Ephesus,History/Culture,44,BiLSTM,0.7954545454545454,0.9090909090909092,0.3855555555555556
Ilica Plaji,Beach/Coastal,89,VADER,0.5393258426966292,0.5393258426966292,0.4323671497584541
Ilica Plaji,Beach/Coastal,89,TFIDF-LR,0.4719101123595505,0.4382022471910112,0.4098873309399625
Ilica Plaji,Beach/Coastal,89,TFIDF-SVM,0.4831460674157303,0.4382022471910112,0.4287039139980317
Ilica Plaji,Beach/Coastal,89,CNN,0.449438202247191,0.5168539325842697,0.4642348008385744
Ilica Plaji,Beach/Coastal,89,BiLSTM,0.4719101123595505,0.4157303370786517,0.4626322751322751
Izmir Marriott Hotel,Family,46,VADER,0.6304347826086957,0.6304347826086957,0.4612159329140461
Izmir Marriott Hotel,Family,46,TFIDF-LR,0.7608695652173914,0.7608695652173914,0.6235690235690236
Izmir Marriott Hotel,Family,46,TFIDF-SVM,0.7391304347826086,0.7608695652173914,0.6079983508554937
Izmir Marriott Hotel,Family,46,CNN,0.6956521739130435,0.7608695652173914,0.6387430190881054
Izmir Marriott Hotel,Family,46,BiLSTM,0.6086956521739131,0.7608695652173914,0.5653679653679653
Izmir Saat Kulesi (Clock Tower),History/Culture,50,VADER,0.64,0.64,0.5499999999999999
Izmir Saat Kulesi (Clock Tower),History/Culture,50,TFIDF-LR,0.54,0.56,0.4271512113617376
Izmir Saat Kulesi (Clock Tower),History/Culture,50,TFIDF-SVM,0.54,0.56,0.3958333333333333
Izmir Saat Kulesi (Clock Tower),History/Culture,50,CNN,0.48,0.48,0.3777777777777777
Izmir Saat Kulesi (Clock Tower),History/Culture,50,BiLSTM,0.48,0.42,0.4144973544973545
Izmir Wildlife Park,Nature,40,VADER,0.725,0.725,0.4338624338624338
Izmir Wildlife Park,Nature,40,TFIDF-LR,0.65,0.675,0.5640422322775264
Izmir Wildlife Park,Nature,40,TFIDF-SVM,0.65,0.675,0.5640422322775264
Izmir Wildlife Park,Nature,40,CNN,0.45,0.55,0.5078458609867778
Izmir Wildlife Park,Nature,40,BiLSTM,0.5,0.525,0.4713124274099883
Key Hotel,Family,39,VADER,0.717948717948718,0.717948717948718,0.4007820136852395
Key Hotel,Family,39,TFIDF-LR,0.7948717948717948,0.8717948717948718,0.6292250233426704
Key Hotel,Family,39,TFIDF-SVM,0.7948717948717948,0.8717948717948718,0.6292250233426704
Key Hotel,Family,39,CNN,0.6666666666666666,0.8461538461538461,0.530812324929972
Key Hotel,Family,39,BiLSTM,0.6666666666666666,0.7692307692307693,0.4966666666666666
Punt Ancient Pub,Nightlife,16,VADER,0.9375,0.9375,
Punt Ancient Pub,Nightlife,16,TFIDF-LR,0.875,0.875,
Punt Ancient Pub,Nightlife,16,TFIDF-SVM,0.875,0.875,
Punt Ancient Pub,Nightlife,16,CNN,0.9375,0.875,
Punt Ancient Pub,Nightlife,16,BiLSTM,0.9375,0.9375,
Reyhan Pastanesi,Food/Gastronomy,30,VADER,0.4333333333333333,0.4333333333333333,0.3562610229276896
Reyhan Pastanesi,Food/Gastronomy,30,TFIDF-LR,0.5666666666666667,0.6333333333333333,0.5503955968352253
Reyhan Pastanesi,Food/Gastronomy,30,TFIDF-SVM,0.5333333333333333,0.6333333333333333,0.5071929824561403
Reyhan Pastanesi,Food/Gastronomy,30,CNN,0.6333333333333333,0.5,0.631054131054131
Reyhan Pastanesi,Food/Gastronomy,30,BiLSTM,0.5666666666666667,0.5,0.5378582202111614
Scappi,Nightlife,44,VADER,0.5454545454545454,0.5454545454545454,0.4048913043478261
Scappi,Nightlife,44,TFIDF-LR,0.8409090909090909,0.8181818181818182,0.7919287790162969
Scappi,Nightlife,44,TFIDF-SVM,0.8409090909090909,0.7954545454545454,0.7919287790162969
Scappi,Nightlife,44,CNN,0.5681818181818182,0.7045454545454546,0.547741935483871
Scappi,Nightlife,44,BiLSTM,0.7045454545454546,0.5909090909090909,0.688070057635275
Tavaci Recep Usta,Food/Gastronomy,100,VADER,0.66,0.66,0.4919933195795264
Tavaci Recep Usta,Food/Gastronomy,100,TFIDF-LR,0.68,0.73,0.5889750918742344
Tavaci Recep Usta,Food/Gastronomy,100,TFIDF-SVM,0.68,0.75,0.5889750918742344
Tavaci Recep Usta,Food/Gastronomy,100,CNN,0.58,0.64,0.5042548572669054
Tavaci Recep Usta,Food/Gastronomy,100,BiLSTM,0.48,0.65,0.4864134300754019
Alsancak,Beach/Coastal,20,DistilBERT,0.75,0.75,0.6616499442586399
Bios Bar,Nightlife,3,DistilBERT,1.0,1.0,
Bostanli Meyhanesi,Nightlife,4,DistilBERT,1.0,1.0,
Deniz Restaurant,Food/Gastronomy,73,DistilBERT,0.7534246575342466,0.7671232876712328,0.7360036454773297
Ephesus,History/Culture,44,DistilBERT,0.9318181818181818,0.9318181818181818,0.4625514403292181
Ilica Plaji,Beach/Coastal,89,DistilBERT,0.651685393258427,0.6179775280898876,0.6586366413546304
Izmir Marriott Hotel,Family,46,DistilBERT,0.8043478260869565,0.8260869565217391,0.7625661375661376
Izmir Saat Kulesi (Clock Tower),History/Culture,50,DistilBERT,0.6,0.58,0.4679962013295347
Izmir Wildlife Park,Nature,40,DistilBERT,0.7,0.675,0.6142141066953096
Key Hotel,Family,39,DistilBERT,0.8205128205128205,0.8205128205128205,0.6737727681123907
Punt Ancient Pub,Nightlife,16,DistilBERT,0.9375,0.9375,
Reyhan Pastanesi,Food/Gastronomy,30,DistilBERT,0.7333333333333333,0.7333333333333333,0.73537936913896
Scappi,Nightlife,44,DistilBERT,0.8181818181818182,0.8181818181818182,0.7875064004096263
Tavaci Recep Usta,Food/Gastronomy,100,DistilBERT,0.74,0.73,0.6698412698412698
