Item,Review_ID,Star_Rating,Rating_Label,Final_Sentiment,Manual_Override,A,A_conf,B,B_conf
1,433,3,Neutral,Neutral,0,Negative,2,Neutral,3
9,580,3,Neutral,Neutral,0,Negative,2,Neutral,3
13,86,3,Neutral,Neutral,0,Negative,3,Neutral,3
17,462,3,Neutral,Negative,1,Negative,3,Neutral,3
18,326,1,Negative,Negative,0,Negative,2,Neutral,2
21,420,3,Neutral,Neutral,0,Neutral,1,Positive,3
22,339,3,Neutral,Neutral,0,Positive,2,Neutral,3
27,476,1,Negative,Negative,0,Negative,3,Neutral,2
28,564,3,Neutral,Negative,1,Negative,3,Neutral,3
33,414,2,Negative,Negative,0,Negative,2,Neutral,2
40,585,3,Neutral,Neutral,0,Negative,3,Neutral,3
41,28,3,Neutral,Neutral,0,Negative,3,Neutral,3
42,219,4,Positive,Neutral,1,Positive,2,Neutral,3
61,267,3,Neutral,Neutral,0,Negative,2,Neutral,3
68,372,4,Positive,Positive,0,Positive,2,Neutral,3
77,550,2,Negative,Negative,0,Negative,3,Neutral,2
78,17,3,Neutral,Neutral,0,Neutral,2,Positive,3
98,508,3,Neutral,Neutral,0,Positive,2,Neutral,3
103,25,2,Negative,Negative,0,Negative,2,Positive,3
113,364,3,Neutral,Neutral,0,Neutral,2,Positive,3
115,419,3,Neutral,Negative,1,Negative,2,Neutral,2
117,506,3,Neutral,Neutral,0,Positive,2,Neutral,3
119,127,1,Negative,Negative,0,Negative,3,Neutral,3
145,531,1,Negative,Negative,0,Negative,2,Positive,3
149,441,4,Positive,Positive,0,Neutral,2,Positive,3
