Category,Attraction_Name,N_pop,s5,s4,s3,s2,s1,pop_mean_stars,pop_pos,pop_neu,pop_neg,net_pop
History/Culture,Ephesus,1065,1019,39,7,0,0,4.95,99.34,0.66,0.0,99.34
Family,Izmir Marriott Hotel,1755,1647,58,13,12,25,4.87,97.15,0.74,2.11,95.04
Nightlife,Punt Ancient Pub,75,71,0,3,0,1,4.87,94.67,4.0,1.33,93.33
Family,Key Hotel,609,531,51,13,7,7,4.79,95.57,2.13,2.3,93.27
Beach/Coastal,Alsancak,951,591,286,59,7,8,4.52,92.22,6.2,1.58,90.64
Nature,Izmir Wildlife Park,1091,690,303,66,12,20,4.49,91.02,6.05,2.93,88.08
Food/Gastronomy,Reyhan Pastanesi,1623,1064,366,113,37,43,4.46,88.11,6.96,4.93,83.18
History/Culture,Izmir Saat Kulesi (Clock Tower),1637,879,496,220,34,8,4.35,84.0,13.44,2.57,81.43
Nightlife,Scappi,325,276,14,9,11,15,4.62,89.23,2.77,8.0,81.23
Beach/Coastal,Ilica Plaji,1489,791,386,190,59,63,4.2,79.05,12.76,8.19,70.85
Food/Gastronomy,Deniz Restaurant,931,446,264,113,50,58,4.06,76.26,12.14,11.6,64.66
Food/Gastronomy,Tavaci Recep Usta,1595,781,427,187,96,104,4.06,75.74,11.72,12.54,63.2
Nightlife,Bostanli Meyhanesi,39,23,3,2,2,9,3.74,66.67,5.13,28.21,38.46
Nightlife,Bios Bar,24,9,5,1,3,6,3.33,58.33,4.17,37.5,20.83
