Category,Attraction_Name,N_pop,n_sample,pop_mean_stars,sample_mean_stars,pop_pos,pop_neu,pop_neg,sample_pos,sample_neu,sample_neg,net_pop,net_sample,neg_enrichment_factor
History/Culture,Ephesus,1065,44,4.95,4.43,99.34,0.66,0.0,93.18,6.82,0.0,99.34,93.18,
Family,Izmir Marriott Hotel,1755,46,4.87,3.02,97.15,0.74,2.11,43.48,17.39,39.13,95.04,4.35,18.56
Nightlife,Punt Ancient Pub,75,16,4.87,4.88,94.67,4.0,1.33,93.75,6.25,0.0,93.33,93.75,0.0
Family,Key Hotel,609,39,4.79,3.82,95.57,2.13,2.3,69.23,12.82,17.95,93.27,51.28,7.81
Beach/Coastal,Alsancak,951,20,4.52,3.65,92.22,6.2,1.58,50.0,40.0,10.0,90.64,40.0,6.34
Nature,Izmir Wildlife Park,1091,40,4.49,4.0,91.02,6.05,2.93,67.5,20.0,12.5,88.08,55.0,4.26
Food/Gastronomy,Reyhan Pastanesi,1623,30,4.46,2.97,88.11,6.96,4.93,30.0,36.67,33.33,83.18,-3.33,6.76
History/Culture,Izmir Saat Kulesi (Clock Tower),1637,50,4.35,3.56,84.0,13.44,2.57,48.0,30.0,22.0,81.43,26.0,8.57
Nightlife,Scappi,325,44,4.62,2.75,89.23,2.77,8.0,34.09,15.91,50.0,81.23,-15.91,6.25
Beach/Coastal,Ilica Plaji,1489,89,4.2,3.06,79.05,12.76,8.19,35.96,31.46,32.58,70.85,3.37,3.98
Food/Gastronomy,Deniz Restaurant,931,73,4.06,2.36,76.26,12.14,11.6,10.96,35.62,53.42,64.66,-42.47,4.61
Food/Gastronomy,Tavaci Recep Usta,1595,100,4.06,3.27,75.74,11.72,12.54,48.0,22.0,30.0,63.2,18.0,2.39
Nightlife,Bostanli Meyhanesi,39,4,3.74,3.0,66.67,5.13,28.21,50.0,0.0,50.0,38.46,0.0,1.77
Nightlife,Bios Bar,24,3,3.33,2.67,58.33,4.17,37.5,33.33,0.0,66.67,20.83,-33.33,1.78
