Category,Attraction_Name,n,mean_stars,pct_positive,pct_neutral,pct_negative,neg_ci_lo,neg_ci_hi,net_sentiment
Nightlife,Punt Ancient Pub,16,4.875,93.75,6.25,0.0,0.0,19.360768053443657,93.75
History/Culture,Ephesus,44,4.431818181818182,93.18181818181817,6.8181818181818175,0.0,0.0,8.029560375848071,93.18181818181817
Nature,Izmir Wildlife Park,40,4.0,67.5,20.0,12.5,5.4595002509454025,26.1121198388511,55.00000000000001
Family,Key Hotel,39,3.8205128205128207,69.23076923076923,12.82051282051282,17.94871794871795,8.977265473219113,32.66804566188162,51.28205128205128
Beach/Coastal,Alsancak,20,3.65,50.0,40.0,10.0,2.7866481213768197,30.10336452284873,40.0
History/Culture,Izmir Saat Kulesi (Clock Tower),50,3.56,48.0,30.0,22.0,12.753915970214418,35.24154958125367,26.0
Food/Gastronomy,Tavaci Recep Usta,100,3.27,48.0,22.0,30.0,21.894885294932756,39.584854633346666,18.0
Family,Izmir Marriott Hotel,46,3.0217391304347827,43.47826086956522,17.391304347826086,39.130434782608695,26.393225037829016,53.54315676837926,4.3478260869565215
Beach/Coastal,Ilica Plaji,89,3.056179775280899,35.95505617977528,31.46067415730337,32.58426966292135,23.743972450293487,42.86577238377823,3.3707865168539324
Nightlife,Bostanli Meyhanesi,4,3.0,50.0,0.0,50.0,15.003898915214947,84.99610108478505,0.0
Food/Gastronomy,Reyhan Pastanesi,30,2.966666666666667,30.0,36.666666666666664,33.33333333333333,19.230498083676128,51.219948355456154,-3.3333333333333335
Nightlife,Scappi,44,2.75,34.090909090909086,15.909090909090908,50.0,35.83176053998939,64.16823946001061,-15.909090909090908
Nightlife,Bios Bar,3,2.6666666666666665,33.33333333333333,0.0,66.66666666666666,20.76596008020477,93.85080552796038,-33.33333333333333
Food/Gastronomy,Deniz Restaurant,73,2.356164383561644,10.95890410958904,35.61643835616438,53.42465753424658,42.0989457190458,64.40795833605193,-42.465753424657535
